{
    "adelaide":{
        "bound":[
            138.4421,
            -35.3489,
            138.7801,
            -34.6525
        ],
        "coordinate":[
            138.571912,
            -35.000767
        ],
        "place_id":"01e8a1a140ccdc5c"
    },
    "brisbane":{
        "bound":[
            152.6685,
            -27.7674,
            153.3178,
            -26.9968
        ],
        "coordinate":[
            153.030209,
            -27.382142
        ],
        "place_id":"004ec16c62325149"
    },
    "melbourne":{
        "bound":[
            144.5937,
            -38.4338,
            145.5125,
            -37.5112
        ],
        "coordinate":[
            145.152529,
            -37.972566
        ],
        "place_id":"01864a8a64df9dc4"
    },
    "perth":{
        "bound":[
            138.44212,
            -35.348970061,
            138.780189824,
            -34.652564053
        ],
        "coordinate":[
            138.571912,
            -35.000767
        ],
        "place_id":"0118c71c0ed41109"
    },
    "sydney":{
        "bound":[
            150.5209,
            -34.1183,
            151.343,
            -33.5781
        ],
        "coordinate":[
            150.96870653200818,
            -33.84824400225
        ],
        "place_id":"0073b76548e5984f"
    }
}
